{
	"credit": "Made with Blockbench",
	"textures": {
		"0": "irons_spellbooks:item/lightning_rod",
		"particle": "irons_spellbooks:item/lightning_rod"
	},
	"elements": [
		{
			"name": "lightning_rod_0",
			"from": [10, 8.5, 7.75],
			"to": [11, 13.5, 8.25],
			"rotation": {"angle": 0, "axis": "y", "origin": [0, 0, 7.75]},
			"faces": {
				"north": {"uv": [11, 2.5, 10, 7.5], "texture": "#0"},
				"east": {"uv": [10.5, 2.5, 11, 7.5], "texture": "#0"},
				"south": {"uv": [10, 2.5, 11, 7.5], "texture": "#0"},
				"west": {"uv": [10, 2.5, 10.5, 7.5], "texture": "#0"},
				"up": {"uv": [10, 2.5, 11, 3], "texture": "#0"},
				"down": {"uv": [10, 7, 11, 7.5], "texture": "#0"}
			}
		},
		{
			"name": "lightning_rod_1",
			"from": [9.5, 8.5, 7.75],
			"to": [10, 13, 8.25],
			"rotation": {"angle": 0, "axis": "y", "origin": [0, 0, 7.75]},
			"faces": {
				"north": {"uv": [10, 3, 9.5, 7.5], "texture": "#0"},
				"east": {"uv": [9.5, 3, 10, 7.5], "texture": "#0"},
				"south": {"uv": [9.5, 3, 10, 7.5], "texture": "#0"},
				"west": {"uv": [9.5, 3, 10, 7.5], "texture": "#0"},
				"up": {"uv": [9.5, 3, 10, 3.5], "texture": "#0"},
				"down": {"uv": [9.5, 7, 10, 7.5], "texture": "#0"}
			}
		},
		{
			"name": "lightning_rod_2",
			"from": [11, 8, 7.75],
			"to": [11.5, 13, 8.25],
			"rotation": {"angle": 0, "axis": "y", "origin": [0, 0, 7.75]},
			"faces": {
				"north": {"uv": [11.5, 3, 11, 8], "texture": "#0"},
				"east": {"uv": [11, 3, 11.5, 8], "texture": "#0"},
				"south": {"uv": [11, 3, 11.5, 8], "texture": "#0"},
				"west": {"uv": [11, 3, 11.5, 8], "texture": "#0"},
				"up": {"uv": [11, 3, 11.5, 3.5], "texture": "#0"},
				"down": {"uv": [11, 7.5, 11.5, 8], "texture": "#0"}
			}
		},
		{
			"name": "lightning_rod_3",
			"from": [9, 8, 7.75],
			"to": [9.5, 12.5, 8.25],
			"rotation": {"angle": 0, "axis": "y", "origin": [0, 0, 7.75]},
			"faces": {
				"north": {"uv": [9.5, 3.5, 9, 8], "texture": "#0"},
				"east": {"uv": [9, 3.5, 9.5, 8], "texture": "#0"},
				"south": {"uv": [9, 3.5, 9.5, 8], "texture": "#0"},
				"west": {"uv": [9, 3.5, 9.5, 8], "texture": "#0"},
				"up": {"uv": [9, 3.5, 9.5, 4], "texture": "#0"},
				"down": {"uv": [9, 7.5, 9.5, 8], "texture": "#0"}
			}
		},
		{
			"name": "lightning_rod_4",
			"from": [11.5, 8.5, 7.75],
			"to": [12, 12.5, 8.25],
			"rotation": {"angle": 0, "axis": "y", "origin": [0, 0, 7.75]},
			"faces": {
				"north": {"uv": [12, 3.5, 11.5, 7.5], "texture": "#0"},
				"east": {"uv": [11.5, 3.5, 12, 7.5], "texture": "#0"},
				"south": {"uv": [11.5, 3.5, 12, 7.5], "texture": "#0"},
				"west": {"uv": [11.5, 3.5, 12, 7.5], "texture": "#0"},
				"up": {"uv": [11.5, 3.5, 12, 4], "texture": "#0"},
				"down": {"uv": [11.5, 7, 12, 7.5], "texture": "#0"}
			}
		},
		{
			"name": "lightning_rod_5",
			"from": [8.5, 7.5, 7.75],
			"to": [9, 12, 8.25],
			"rotation": {"angle": 0, "axis": "y", "origin": [0, 0, 7.75]},
			"faces": {
				"north": {"uv": [9, 4, 8.5, 8.5], "texture": "#0"},
				"east": {"uv": [8.5, 4, 9, 8.5], "texture": "#0"},
				"south": {"uv": [8.5, 4, 9, 8.5], "texture": "#0"},
				"west": {"uv": [8.5, 4, 9, 8.5], "texture": "#0"},
				"up": {"uv": [8.5, 4, 9, 4.5], "texture": "#0"},
				"down": {"uv": [8.5, 8, 9, 8.5], "texture": "#0"}
			}
		},
		{
			"name": "lightning_rod_6",
			"from": [12, 9, 7.75],
			"to": [12.5, 12, 8.25],
			"rotation": {"angle": 0, "axis": "y", "origin": [0, 0, 7.75]},
			"faces": {
				"north": {"uv": [12.5, 4, 12, 7], "texture": "#0"},
				"east": {"uv": [12, 4, 12.5, 7], "texture": "#0"},
				"south": {"uv": [12, 4, 12.5, 7], "texture": "#0"},
				"west": {"uv": [12, 4, 12.5, 7], "texture": "#0"},
				"up": {"uv": [12, 4, 12.5, 4.5], "texture": "#0"},
				"down": {"uv": [12, 6.5, 12.5, 7], "texture": "#0"}
			}
		},
		{
			"name": "lightning_rod_7",
			"from": [8, 10.5, 7.75],
			"to": [8.5, 11.5, 8.25],
			"rotation": {"angle": 0, "axis": "y", "origin": [0, 0, 7.75]},
			"faces": {
				"north": {"uv": [8.5, 4.5, 8, 5.5], "texture": "#0"},
				"east": {"uv": [8, 4.5, 8.5, 5.5], "texture": "#0"},
				"south": {"uv": [8, 4.5, 8.5, 5.5], "texture": "#0"},
				"west": {"uv": [8, 4.5, 8.5, 5.5], "texture": "#0"},
				"up": {"uv": [8, 4.5, 8.5, 5], "texture": "#0"},
				"down": {"uv": [8, 5, 8.5, 5.5], "texture": "#0"}
			}
		},
		{
			"name": "lightning_rod_8",
			"from": [12.5, 9.5, 7.75],
			"to": [13, 11.5, 8.25],
			"rotation": {"angle": 0, "axis": "y", "origin": [0, 0, 7.75]},
			"faces": {
				"north": {"uv": [13, 4.5, 12.5, 6.5], "texture": "#0"},
				"east": {"uv": [12.5, 4.5, 13, 6.5], "texture": "#0"},
				"south": {"uv": [12.5, 4.5, 13, 6.5], "texture": "#0"},
				"west": {"uv": [12.5, 4.5, 13, 6.5], "texture": "#0"},
				"up": {"uv": [12.5, 4.5, 13, 5], "texture": "#0"},
				"down": {"uv": [12.5, 6, 13, 6.5], "texture": "#0"}
			}
		},
		{
			"name": "lightning_rod_9",
			"from": [13, 10, 7.75],
			"to": [13.5, 11, 8.25],
			"rotation": {"angle": 0, "axis": "y", "origin": [0, 0, 7.75]},
			"faces": {
				"north": {"uv": [13.5, 5, 13, 6], "texture": "#0"},
				"east": {"uv": [13, 5, 13.5, 6], "texture": "#0"},
				"south": {"uv": [13, 5, 13.5, 6], "texture": "#0"},
				"west": {"uv": [13, 5, 13.5, 6], "texture": "#0"},
				"up": {"uv": [13, 5, 13.5, 5.5], "texture": "#0"},
				"down": {"uv": [13, 5.5, 13.5, 6], "texture": "#0"}
			}
		},
		{
			"name": "lightning_rod_10",
			"from": [8, 7, 7.75],
			"to": [8.5, 9.5, 8.25],
			"rotation": {"angle": 0, "axis": "y", "origin": [0, 0, 7.75]},
			"faces": {
				"north": {"uv": [8.5, 6.5, 8, 9], "texture": "#0"},
				"east": {"uv": [8, 6.5, 8.5, 9], "texture": "#0"},
				"south": {"uv": [8, 6.5, 8.5, 9], "texture": "#0"},
				"west": {"uv": [8, 6.5, 8.5, 9], "texture": "#0"},
				"up": {"uv": [8, 6.5, 8.5, 7], "texture": "#0"},
				"down": {"uv": [8, 8.5, 8.5, 9], "texture": "#0"}
			}
		},
		{
			"name": "lightning_rod_11",
			"from": [7.5, 7, 7.75],
			"to": [8, 9, 8.25],
			"rotation": {"angle": 0, "axis": "y", "origin": [0, 0, 7.75]},
			"faces": {
				"north": {"uv": [8, 7, 7.5, 9], "texture": "#0"},
				"east": {"uv": [7.5, 7, 8, 9], "texture": "#0"},
				"south": {"uv": [7.5, 7, 8, 9], "texture": "#0"},
				"west": {"uv": [7.5, 7, 8, 9], "texture": "#0"},
				"up": {"uv": [7.5, 7, 8, 7.5], "texture": "#0"},
				"down": {"uv": [7.5, 8.5, 8, 9], "texture": "#0"}
			}
		},
		{
			"name": "lightning_rod_12",
			"from": [7, 6.5, 7.75],
			"to": [7.5, 8.5, 8.25],
			"rotation": {"angle": 0, "axis": "y", "origin": [0, 0, 7.75]},
			"faces": {
				"north": {"uv": [7.5, 7.5, 7, 9.5], "texture": "#0"},
				"east": {"uv": [7, 7.5, 7.5, 9.5], "texture": "#0"},
				"south": {"uv": [7, 7.5, 7.5, 9.5], "texture": "#0"},
				"west": {"uv": [7, 7.5, 7.5, 9.5], "texture": "#0"},
				"up": {"uv": [7, 7.5, 7.5, 8], "texture": "#0"},
				"down": {"uv": [7, 9, 7.5, 9.5], "texture": "#0"}
			}
		},
		{
			"name": "lightning_rod_13",
			"from": [10.5, 8, 7.75],
			"to": [11, 8.5, 8.25],
			"rotation": {"angle": 0, "axis": "y", "origin": [0, 0, 7.75]},
			"faces": {
				"north": {"uv": [11, 7.5, 10.5, 8], "texture": "#0"},
				"east": {"uv": [10.5, 7.5, 11, 8], "texture": "#0"},
				"south": {"uv": [10.5, 7.5, 11, 8], "texture": "#0"},
				"west": {"uv": [10.5, 7.5, 11, 8], "texture": "#0"},
				"up": {"uv": [10.5, 7.5, 11, 8], "texture": "#0"},
				"down": {"uv": [10.5, 7.5, 11, 8], "texture": "#0"}
			}
		},
		{
			"name": "lightning_rod_14",
			"from": [6.5, 6, 7.75],
			"to": [7, 7.5, 8.25],
			"rotation": {"angle": 0, "axis": "y", "origin": [0, 0, 7.75]},
			"faces": {
				"north": {"uv": [7, 8.5, 6.5, 10], "texture": "#0"},
				"east": {"uv": [6.5, 8.5, 7, 10], "texture": "#0"},
				"south": {"uv": [6.5, 8.5, 7, 10], "texture": "#0"},
				"west": {"uv": [6.5, 8.5, 7, 10], "texture": "#0"},
				"up": {"uv": [6.5, 8.5, 7, 9], "texture": "#0"},
				"down": {"uv": [6.5, 9.5, 7, 10], "texture": "#0"}
			}
		},
		{
			"name": "lightning_rod_15",
			"from": [6, 5.5, 7.75],
			"to": [6.5, 7, 8.25],
			"rotation": {"angle": 0, "axis": "y", "origin": [0, 0, 7.75]},
			"faces": {
				"north": {"uv": [6.5, 9, 6, 10.5], "texture": "#0"},
				"east": {"uv": [6, 9, 6.5, 10.5], "texture": "#0"},
				"south": {"uv": [6, 9, 6.5, 10.5], "texture": "#0"},
				"west": {"uv": [6, 9, 6.5, 10.5], "texture": "#0"},
				"up": {"uv": [6, 9, 6.5, 9.5], "texture": "#0"},
				"down": {"uv": [6, 10, 6.5, 10.5], "texture": "#0"}
			}
		},
		{
			"name": "lightning_rod_16",
			"from": [5.5, 5, 7.75],
			"to": [6, 6.5, 8.25],
			"rotation": {"angle": 0, "axis": "y", "origin": [0, 0, 7.75]},
			"faces": {
				"north": {"uv": [6, 9.5, 5.5, 11], "texture": "#0"},
				"east": {"uv": [5.5, 9.5, 6, 11], "texture": "#0"},
				"south": {"uv": [5.5, 9.5, 6, 11], "texture": "#0"},
				"west": {"uv": [5.5, 9.5, 6, 11], "texture": "#0"},
				"up": {"uv": [5.5, 9.5, 6, 10], "texture": "#0"},
				"down": {"uv": [5.5, 10.5, 6, 11], "texture": "#0"}
			}
		},
		{
			"name": "lightning_rod_17",
			"from": [5, 4.5, 7.75],
			"to": [5.5, 6, 8.25],
			"rotation": {"angle": 0, "axis": "y", "origin": [0, 0, 7.75]},
			"faces": {
				"north": {"uv": [5.5, 10, 5, 11.5], "texture": "#0"},
				"east": {"uv": [5, 10, 5.5, 11.5], "texture": "#0"},
				"south": {"uv": [5, 10, 5.5, 11.5], "texture": "#0"},
				"west": {"uv": [5, 10, 5.5, 11.5], "texture": "#0"},
				"up": {"uv": [5, 10, 5.5, 10.5], "texture": "#0"},
				"down": {"uv": [5, 11, 5.5, 11.5], "texture": "#0"}
			}
		},
		{
			"name": "lightning_rod_18",
			"from": [4.5, 4, 7.75],
			"to": [5, 5.5, 8.25],
			"rotation": {"angle": 0, "axis": "y", "origin": [0, 0, 7.75]},
			"faces": {
				"north": {"uv": [5, 10.5, 4.5, 12], "texture": "#0"},
				"east": {"uv": [4.5, 10.5, 5, 12], "texture": "#0"},
				"south": {"uv": [4.5, 10.5, 5, 12], "texture": "#0"},
				"west": {"uv": [4.5, 10.5, 5, 12], "texture": "#0"},
				"up": {"uv": [4.5, 10.5, 5, 11], "texture": "#0"},
				"down": {"uv": [4.5, 11.5, 5, 12], "texture": "#0"}
			}
		},
		{
			"name": "lightning_rod_19",
			"from": [4, 3.5, 7.75],
			"to": [4.5, 5, 8.25],
			"rotation": {"angle": 0, "axis": "y", "origin": [0, 0, 7.75]},
			"faces": {
				"north": {"uv": [4.5, 11, 4, 12.5], "texture": "#0"},
				"east": {"uv": [4, 11, 4.5, 12.5], "texture": "#0"},
				"south": {"uv": [4, 11, 4.5, 12.5], "texture": "#0"},
				"west": {"uv": [4, 11, 4.5, 12.5], "texture": "#0"},
				"up": {"uv": [4, 11, 4.5, 11.5], "texture": "#0"},
				"down": {"uv": [4, 12, 4.5, 12.5], "texture": "#0"}
			}
		},
		{
			"name": "lightning_rod_20",
			"from": [3.5, 3, 7.75],
			"to": [4, 4.5, 8.25],
			"rotation": {"angle": 0, "axis": "y", "origin": [0, 0, 7.75]},
			"faces": {
				"north": {"uv": [4, 11.5, 3.5, 13], "texture": "#0"},
				"east": {"uv": [3.5, 11.5, 4, 13], "texture": "#0"},
				"south": {"uv": [3.5, 11.5, 4, 13], "texture": "#0"},
				"west": {"uv": [3.5, 11.5, 4, 13], "texture": "#0"},
				"up": {"uv": [3.5, 11.5, 4, 12], "texture": "#0"},
				"down": {"uv": [3.5, 12.5, 4, 13], "texture": "#0"}
			}
		},
		{
			"name": "lightning_rod_21",
			"from": [3, 2.5, 7.75],
			"to": [3.5, 4, 8.25],
			"rotation": {"angle": 0, "axis": "y", "origin": [0, 0, 7.75]},
			"faces": {
				"north": {"uv": [3.5, 12, 3, 13.5], "texture": "#0"},
				"east": {"uv": [3, 12, 3.5, 13.5], "texture": "#0"},
				"south": {"uv": [3, 12, 3.5, 13.5], "texture": "#0"},
				"west": {"uv": [3, 12, 3.5, 13.5], "texture": "#0"},
				"up": {"uv": [3, 12, 3.5, 12.5], "texture": "#0"},
				"down": {"uv": [3, 13, 3.5, 13.5], "texture": "#0"}
			}
		},
		{
			"name": "lightning_rod_22",
			"from": [2.5, 2, 7.75],
			"to": [3, 3.5, 8.25],
			"rotation": {"angle": 0, "axis": "y", "origin": [0, 0, 7.75]},
			"faces": {
				"north": {"uv": [3, 12.5, 2.5, 14], "texture": "#0"},
				"east": {"uv": [2.5, 12.5, 3, 14], "texture": "#0"},
				"south": {"uv": [2.5, 12.5, 3, 14], "texture": "#0"},
				"west": {"uv": [2.5, 12.5, 3, 14], "texture": "#0"},
				"up": {"uv": [2.5, 12.5, 3, 13], "texture": "#0"},
				"down": {"uv": [2.5, 13.5, 3, 14], "texture": "#0"}
			}
		},
		{
			"name": "lightning_rod_23",
			"from": [2, 1.5, 7.75],
			"to": [2.5, 3, 8.25],
			"rotation": {"angle": 0, "axis": "y", "origin": [0, 0, 7.75]},
			"faces": {
				"north": {"uv": [2.5, 13, 2, 14.5], "texture": "#0"},
				"east": {"uv": [2, 13, 2.5, 14.5], "texture": "#0"},
				"south": {"uv": [2, 13, 2.5, 14.5], "texture": "#0"},
				"west": {"uv": [2, 13, 2.5, 14.5], "texture": "#0"},
				"up": {"uv": [2, 13, 2.5, 13.5], "texture": "#0"},
				"down": {"uv": [2, 14, 2.5, 14.5], "texture": "#0"}
			}
		},
		{
			"name": "lightning_rod_24",
			"from": [1.5, 1, 7.75],
			"to": [2, 2.5, 8.25],
			"rotation": {"angle": 0, "axis": "y", "origin": [0, 0, 7.75]},
			"faces": {
				"north": {"uv": [2, 13.5, 1.5, 15], "texture": "#0"},
				"east": {"uv": [1.5, 13.5, 2, 15], "texture": "#0"},
				"south": {"uv": [1.5, 13.5, 2, 15], "texture": "#0"},
				"west": {"uv": [1.5, 13.5, 2, 15], "texture": "#0"},
				"up": {"uv": [1.5, 13.5, 2, 14], "texture": "#0"},
				"down": {"uv": [1.5, 14.5, 2, 15], "texture": "#0"}
			}
		},
		{
			"name": "lightning_rod_25",
			"from": [1, 0, 7.75],
			"to": [1.5, 2, 8.25],
			"rotation": {"angle": 0, "axis": "y", "origin": [0, 0, 7.75]},
			"faces": {
				"north": {"uv": [1.5, 14, 1, 16], "texture": "#0"},
				"east": {"uv": [1, 14, 1.5, 16], "texture": "#0"},
				"south": {"uv": [1, 14, 1.5, 16], "texture": "#0"},
				"west": {"uv": [1, 14, 1.5, 16], "texture": "#0"},
				"up": {"uv": [1, 14, 1.5, 14.5], "texture": "#0"},
				"down": {"uv": [1, 15.5, 1.5, 16], "texture": "#0"}
			}
		},
		{
			"name": "lightning_rod_26",
			"from": [0, 0, 7.75],
			"to": [1, 1.5, 8.25],
			"rotation": {"angle": 0, "axis": "y", "origin": [0, 0, 7.75]},
			"faces": {
				"north": {"uv": [1, 14.5, 0, 16], "texture": "#0"},
				"east": {"uv": [0.5, 14.5, 1, 16], "texture": "#0"},
				"south": {"uv": [0, 14.5, 1, 16], "texture": "#0"},
				"west": {"uv": [0, 14.5, 0.5, 16], "texture": "#0"},
				"up": {"uv": [0, 14.5, 1, 15], "texture": "#0"},
				"down": {"uv": [0, 15.5, 1, 16], "texture": "#0"}
			}
		}
	],
	"gui_light": "front",
	"display": {
		"thirdperson_righthand": {
			"rotation": [0, 90, 55],
			"translation": [0, 6.25, 2],
			"scale": [2, 2, 2]
		},
		"thirdperson_lefthand": {
			"rotation": [0, -90, -55],
			"translation": [0, 6.25, 2],
			"scale": [2, 2, 2]
		},
		"firstperson_righthand": {
			"rotation": [0, 90, 25],
			"translation": [1, 1.6, 0.8],
			"scale": [2, 2, 2]
		},
		"firstperson_lefthand": {
			"rotation": [0, -90, -25],
			"translation": [1, 1.6, 0.8],
			"scale": [2, 2, 2]
		},
		"ground": {
			"translation": [2, 6, 0],
			"scale": [2, 2, 2]
		},
		"gui": {
			"translation": [2.5, 2.5, 0],
			"scale": [1.5, 1.5, 1.5]
		},
		"fixed": {
			"translation": [3, 3, 0],
			"scale": [2, 2, 2]
		}
	},
	"groups": [
		{
			"name": "lightning_rod",
			"origin": [8, 8, 8],
			"color": 0,
			"children": [0, 1, 2, 3, 4, 5, 6, 7, 8, 9, 10, 11, 12, 13, 14, 15, 16, 17, 18, 19, 20, 21, 22, 23, 24, 25, 26]
		}
	]
}